StudentID,time,hand_raised,session
0,0,True,classinsight-cmu_05748A_ghc_4101_201902141630
0,3,True,classinsight-cmu_05748A_ghc_4101_201902141630
0,10,True,classinsight-cmu_05748A_ghc_4101_201902141630
0,20,True,classinsight-cmu_05748A_ghc_4101_201902141630
0,61,True,classinsight-cmu_05748A_ghc_4101_201902141630
0,62,True,classinsight-cmu_05748A_ghc_4101_201902141630
0,63,True,classinsight-cmu_05748A_ghc_4101_201902141630
1,19,True,classinsight-cmu_05748A_ghc_4101_201902141630
1,28,True,classinsight-cmu_05748A_ghc_4101_201902141630
1,29,True,classinsight-cmu_05748A_ghc_4101_201902141630
1,35,True,classinsight-cmu_05748A_ghc_4101_201902141630
1,45,True,classinsight-cmu_05748A_ghc_4101_201902141630
1,58,True,classinsight-cmu_05748A_ghc_4101_201902141630
1,60,True,classinsight-cmu_05748A_ghc_4101_201902141630
1,61,True,classinsight-cmu_05748A_ghc_4101_201902141630
1,62,True,classinsight-cmu_05748A_ghc_4101_201902141630
1,69,True,classinsight-cmu_05748A_ghc_4101_201902141630
1,79,True,classinsight-cmu_05748A_ghc_4101_201902141630
2,1,True,classinsight-cmu_05748A_ghc_4101_201902141630
2,2,True,classinsight-cmu_05748A_ghc_4101_201902141630
2,21,True,classinsight-cmu_05748A_ghc_4101_201902141630
2,37,True,classinsight-cmu_05748A_ghc_4101_201902141630
2,59,True,classinsight-cmu_05748A_ghc_4101_201902141630
2,60,True,classinsight-cmu_05748A_ghc_4101_201902141630
2,64,True,classinsight-cmu_05748A_ghc_4101_201902141630
2,65,True,classinsight-cmu_05748A_ghc_4101_201902141630
2,66,True,classinsight-cmu_05748A_ghc_4101_201902141630
2,67,True,classinsight-cmu_05748A_ghc_4101_201902141630
2,69,True,classinsight-cmu_05748A_ghc_4101_201902141630
2,71,True,classinsight-cmu_05748A_ghc_4101_201902141630
2,74,True,classinsight-cmu_05748A_ghc_4101_201902141630
2,75,True,classinsight-cmu_05748A_ghc_4101_201902141630
2,76,True,classinsight-cmu_05748A_ghc_4101_201902141630
2,77,True,classinsight-cmu_05748A_ghc_4101_201902141630
2,78,True,classinsight-cmu_05748A_ghc_4101_201902141630
3,1,True,classinsight-cmu_05748A_ghc_4101_201902141630
3,2,True,classinsight-cmu_05748A_ghc_4101_201902141630
3,3,True,classinsight-cmu_05748A_ghc_4101_201902141630
3,44,True,classinsight-cmu_05748A_ghc_4101_201902141630
3,61,True,classinsight-cmu_05748A_ghc_4101_201902141630
3,65,True,classinsight-cmu_05748A_ghc_4101_201902141630
3,66,True,classinsight-cmu_05748A_ghc_4101_201902141630
4,1,True,classinsight-cmu_05748A_ghc_4101_201902141630
4,2,True,classinsight-cmu_05748A_ghc_4101_201902141630
4,11,True,classinsight-cmu_05748A_ghc_4101_201902141630
4,14,True,classinsight-cmu_05748A_ghc_4101_201902141630
4,24,True,classinsight-cmu_05748A_ghc_4101_201902141630
4,28,True,classinsight-cmu_05748A_ghc_4101_201902141630
4,36,True,classinsight-cmu_05748A_ghc_4101_201902141630
4,41,True,classinsight-cmu_05748A_ghc_4101_201902141630
4,51,True,classinsight-cmu_05748A_ghc_4101_201902141630
5,1,True,classinsight-cmu_05748A_ghc_4101_201902141630
5,2,True,classinsight-cmu_05748A_ghc_4101_201902141630
5,3,True,classinsight-cmu_05748A_ghc_4101_201902141630
5,10,True,classinsight-cmu_05748A_ghc_4101_201902141630
5,11,True,classinsight-cmu_05748A_ghc_4101_201902141630
5,13,True,classinsight-cmu_05748A_ghc_4101_201902141630
5,18,True,classinsight-cmu_05748A_ghc_4101_201902141630
5,25,True,classinsight-cmu_05748A_ghc_4101_201902141630
5,26,True,classinsight-cmu_05748A_ghc_4101_201902141630
5,49,True,classinsight-cmu_05748A_ghc_4101_201902141630
5,51,True,classinsight-cmu_05748A_ghc_4101_201902141630
5,59,True,classinsight-cmu_05748A_ghc_4101_201902141630
5,60,True,classinsight-cmu_05748A_ghc_4101_201902141630
5,61,True,classinsight-cmu_05748A_ghc_4101_201902141630
5,64,True,classinsight-cmu_05748A_ghc_4101_201902141630
5,70,True,classinsight-cmu_05748A_ghc_4101_201902141630
6,2,True,classinsight-cmu_05748A_ghc_4101_201902141630
6,3,True,classinsight-cmu_05748A_ghc_4101_201902141630
6,4,True,classinsight-cmu_05748A_ghc_4101_201902141630
6,6,True,classinsight-cmu_05748A_ghc_4101_201902141630
6,8,True,classinsight-cmu_05748A_ghc_4101_201902141630
6,9,True,classinsight-cmu_05748A_ghc_4101_201902141630
6,14,True,classinsight-cmu_05748A_ghc_4101_201902141630
6,16,True,classinsight-cmu_05748A_ghc_4101_201902141630
6,17,True,classinsight-cmu_05748A_ghc_4101_201902141630
6,19,True,classinsight-cmu_05748A_ghc_4101_201902141630
6,20,True,classinsight-cmu_05748A_ghc_4101_201902141630
6,21,True,classinsight-cmu_05748A_ghc_4101_201902141630
6,22,True,classinsight-cmu_05748A_ghc_4101_201902141630
6,23,True,classinsight-cmu_05748A_ghc_4101_201902141630
6,25,True,classinsight-cmu_05748A_ghc_4101_201902141630
6,29,True,classinsight-cmu_05748A_ghc_4101_201902141630
6,40,True,classinsight-cmu_05748A_ghc_4101_201902141630
6,42,True,classinsight-cmu_05748A_ghc_4101_201902141630
6,43,True,classinsight-cmu_05748A_ghc_4101_201902141630
6,44,True,classinsight-cmu_05748A_ghc_4101_201902141630
6,46,True,classinsight-cmu_05748A_ghc_4101_201902141630
6,47,True,classinsight-cmu_05748A_ghc_4101_201902141630
6,50,True,classinsight-cmu_05748A_ghc_4101_201902141630
6,52,True,classinsight-cmu_05748A_ghc_4101_201902141630
6,54,True,classinsight-cmu_05748A_ghc_4101_201902141630
6,57,True,classinsight-cmu_05748A_ghc_4101_201902141630
6,58,True,classinsight-cmu_05748A_ghc_4101_201902141630
6,60,True,classinsight-cmu_05748A_ghc_4101_201902141630
6,64,True,classinsight-cmu_05748A_ghc_4101_201902141630
6,65,True,classinsight-cmu_05748A_ghc_4101_201902141630
6,66,True,classinsight-cmu_05748A_ghc_4101_201902141630
6,74,True,classinsight-cmu_05748A_ghc_4101_201902141630
7,1,True,classinsight-cmu_05748A_ghc_4101_201902141630
7,2,True,classinsight-cmu_05748A_ghc_4101_201902141630
8,1,True,classinsight-cmu_05748A_ghc_4101_201902141630
8,2,True,classinsight-cmu_05748A_ghc_4101_201902141630
8,25,True,classinsight-cmu_05748A_ghc_4101_201902141630
8,49,True,classinsight-cmu_05748A_ghc_4101_201902141630
8,63,True,classinsight-cmu_05748A_ghc_4101_201902141630
9,1,True,classinsight-cmu_05748A_ghc_4101_201902141630
9,2,True,classinsight-cmu_05748A_ghc_4101_201902141630
9,3,True,classinsight-cmu_05748A_ghc_4101_201902141630
9,4,True,classinsight-cmu_05748A_ghc_4101_201902141630
9,5,True,classinsight-cmu_05748A_ghc_4101_201902141630
9,6,True,classinsight-cmu_05748A_ghc_4101_201902141630
9,7,True,classinsight-cmu_05748A_ghc_4101_201902141630
9,8,True,classinsight-cmu_05748A_ghc_4101_201902141630
9,9,True,classinsight-cmu_05748A_ghc_4101_201902141630
9,16,True,classinsight-cmu_05748A_ghc_4101_201902141630
9,55,True,classinsight-cmu_05748A_ghc_4101_201902141630
9,57,True,classinsight-cmu_05748A_ghc_4101_201902141630
9,58,True,classinsight-cmu_05748A_ghc_4101_201902141630
9,59,True,classinsight-cmu_05748A_ghc_4101_201902141630
9,61,True,classinsight-cmu_05748A_ghc_4101_201902141630
9,67,True,classinsight-cmu_05748A_ghc_4101_201902141630
9,68,True,classinsight-cmu_05748A_ghc_4101_201902141630
10,16,True,classinsight-cmu_05748A_ghc_4101_201902141630
10,72,True,classinsight-cmu_05748A_ghc_4101_201902141630
11,1,True,classinsight-cmu_05748A_ghc_4101_201902141630
11,16,True,classinsight-cmu_05748A_ghc_4101_201902141630
11,72,True,classinsight-cmu_05748A_ghc_4101_201902141630
12,4,True,classinsight-cmu_05748A_ghc_4101_201902141630
12,46,True,classinsight-cmu_05748A_ghc_4101_201902141630
12,54,True,classinsight-cmu_05748A_ghc_4101_201902141630
12,61,True,classinsight-cmu_05748A_ghc_4101_201902141630
12,68,True,classinsight-cmu_05748A_ghc_4101_201902141630
12,76,True,classinsight-cmu_05748A_ghc_4101_201902141630
13,56,True,classinsight-cmu_05748A_ghc_4101_201902141630
14,10,True,classinsight-cmu_05748A_ghc_4101_201902141630
14,11,True,classinsight-cmu_05748A_ghc_4101_201902141630
14,26,True,classinsight-cmu_05748A_ghc_4101_201902141630
14,38,True,classinsight-cmu_05748A_ghc_4101_201902141630
14,39,True,classinsight-cmu_05748A_ghc_4101_201902141630
14,51,True,classinsight-cmu_05748A_ghc_4101_201902141630
14,58,True,classinsight-cmu_05748A_ghc_4101_201902141630
14,61,True,classinsight-cmu_05748A_ghc_4101_201902141630
14,67,True,classinsight-cmu_05748A_ghc_4101_201902141630
14,70,True,classinsight-cmu_05748A_ghc_4101_201902141630
14,72,True,classinsight-cmu_05748A_ghc_4101_201902141630
15,13,True,classinsight-cmu_05748A_ghc_4101_201902141630
15,25,True,classinsight-cmu_05748A_ghc_4101_201902141630
15,29,True,classinsight-cmu_05748A_ghc_4101_201902141630
15,32,True,classinsight-cmu_05748A_ghc_4101_201902141630
16,19,True,classinsight-cmu_05748A_ghc_4101_201902141630
16,20,True,classinsight-cmu_05748A_ghc_4101_201902141630
16,36,True,classinsight-cmu_05748A_ghc_4101_201902141630
16,37,True,classinsight-cmu_05748A_ghc_4101_201902141630
16,43,True,classinsight-cmu_05748A_ghc_4101_201902141630
16,54,True,classinsight-cmu_05748A_ghc_4101_201902141630
17,36,True,classinsight-cmu_05748A_ghc_4101_201902141630
17,37,True,classinsight-cmu_05748A_ghc_4101_201902141630
17,38,True,classinsight-cmu_05748A_ghc_4101_201902141630
17,39,True,classinsight-cmu_05748A_ghc_4101_201902141630
17,40,True,classinsight-cmu_05748A_ghc_4101_201902141630
17,41,True,classinsight-cmu_05748A_ghc_4101_201902141630
17,47,True,classinsight-cmu_05748A_ghc_4101_201902141630
17,48,True,classinsight-cmu_05748A_ghc_4101_201902141630
17,49,True,classinsight-cmu_05748A_ghc_4101_201902141630
17,50,True,classinsight-cmu_05748A_ghc_4101_201902141630
17,51,True,classinsight-cmu_05748A_ghc_4101_201902141630
18,59,True,classinsight-cmu_05748A_ghc_4101_201902141630
18,67,True,classinsight-cmu_05748A_ghc_4101_201902141630
0,3,True,classinsight-cmu_05748A_ghc_4101_201904021630
0,4,True,classinsight-cmu_05748A_ghc_4101_201904021630
0,5,True,classinsight-cmu_05748A_ghc_4101_201904021630
0,7,True,classinsight-cmu_05748A_ghc_4101_201904021630
0,14,True,classinsight-cmu_05748A_ghc_4101_201904021630
0,26,True,classinsight-cmu_05748A_ghc_4101_201904021630
0,42,True,classinsight-cmu_05748A_ghc_4101_201904021630
0,43,True,classinsight-cmu_05748A_ghc_4101_201904021630
2,36,True,classinsight-cmu_05748A_ghc_4101_201904021630
2,50,True,classinsight-cmu_05748A_ghc_4101_201904021630
2,64,True,classinsight-cmu_05748A_ghc_4101_201904021630
3,9,True,classinsight-cmu_05748A_ghc_4101_201904021630
3,10,True,classinsight-cmu_05748A_ghc_4101_201904021630
3,39,True,classinsight-cmu_05748A_ghc_4101_201904021630
3,40,True,classinsight-cmu_05748A_ghc_4101_201904021630
3,71,True,classinsight-cmu_05748A_ghc_4101_201904021630
3,72,True,classinsight-cmu_05748A_ghc_4101_201904021630
4,0,True,classinsight-cmu_05748A_ghc_4101_201904021630
4,1,True,classinsight-cmu_05748A_ghc_4101_201904021630
4,3,True,classinsight-cmu_05748A_ghc_4101_201904021630
4,14,True,classinsight-cmu_05748A_ghc_4101_201904021630
5,3,True,classinsight-cmu_05748A_ghc_4101_201904021630
5,44,True,classinsight-cmu_05748A_ghc_4101_201904021630
5,54,True,classinsight-cmu_05748A_ghc_4101_201904021630
6,2,True,classinsight-cmu_05748A_ghc_4101_201904021630
6,47,True,classinsight-cmu_05748A_ghc_4101_201904021630
7,3,True,classinsight-cmu_05748A_ghc_4101_201904021630
8,4,True,classinsight-cmu_05748A_ghc_4101_201904021630
8,6,True,classinsight-cmu_05748A_ghc_4101_201904021630
8,9,True,classinsight-cmu_05748A_ghc_4101_201904021630
8,12,True,classinsight-cmu_05748A_ghc_4101_201904021630
8,19,True,classinsight-cmu_05748A_ghc_4101_201904021630
8,24,True,classinsight-cmu_05748A_ghc_4101_201904021630
8,25,True,classinsight-cmu_05748A_ghc_4101_201904021630
8,29,True,classinsight-cmu_05748A_ghc_4101_201904021630
8,30,True,classinsight-cmu_05748A_ghc_4101_201904021630
8,31,True,classinsight-cmu_05748A_ghc_4101_201904021630
8,35,True,classinsight-cmu_05748A_ghc_4101_201904021630
8,38,True,classinsight-cmu_05748A_ghc_4101_201904021630
8,39,True,classinsight-cmu_05748A_ghc_4101_201904021630
8,40,True,classinsight-cmu_05748A_ghc_4101_201904021630
8,41,True,classinsight-cmu_05748A_ghc_4101_201904021630
8,42,True,classinsight-cmu_05748A_ghc_4101_201904021630
8,43,True,classinsight-cmu_05748A_ghc_4101_201904021630
8,48,True,classinsight-cmu_05748A_ghc_4101_201904021630
8,49,True,classinsight-cmu_05748A_ghc_4101_201904021630
8,50,True,classinsight-cmu_05748A_ghc_4101_201904021630
9,1,True,classinsight-cmu_05748A_ghc_4101_201904021630
9,2,True,classinsight-cmu_05748A_ghc_4101_201904021630
9,3,True,classinsight-cmu_05748A_ghc_4101_201904021630
9,4,True,classinsight-cmu_05748A_ghc_4101_201904021630
9,5,True,classinsight-cmu_05748A_ghc_4101_201904021630
9,6,True,classinsight-cmu_05748A_ghc_4101_201904021630
9,7,True,classinsight-cmu_05748A_ghc_4101_201904021630
9,9,True,classinsight-cmu_05748A_ghc_4101_201904021630
9,15,True,classinsight-cmu_05748A_ghc_4101_201904021630
9,16,True,classinsight-cmu_05748A_ghc_4101_201904021630
9,17,True,classinsight-cmu_05748A_ghc_4101_201904021630
9,18,True,classinsight-cmu_05748A_ghc_4101_201904021630
9,74,True,classinsight-cmu_05748A_ghc_4101_201904021630
9,75,True,classinsight-cmu_05748A_ghc_4101_201904021630
9,76,True,classinsight-cmu_05748A_ghc_4101_201904021630
9,77,True,classinsight-cmu_05748A_ghc_4101_201904021630
9,78,True,classinsight-cmu_05748A_ghc_4101_201904021630
9,79,True,classinsight-cmu_05748A_ghc_4101_201904021630
10,1,True,classinsight-cmu_05748A_ghc_4101_201904021630
11,2,True,classinsight-cmu_05748A_ghc_4101_201904021630
11,6,True,classinsight-cmu_05748A_ghc_4101_201904021630
11,12,True,classinsight-cmu_05748A_ghc_4101_201904021630
11,28,True,classinsight-cmu_05748A_ghc_4101_201904021630
11,34,True,classinsight-cmu_05748A_ghc_4101_201904021630
11,57,True,classinsight-cmu_05748A_ghc_4101_201904021630
11,61,True,classinsight-cmu_05748A_ghc_4101_201904021630
11,62,True,classinsight-cmu_05748A_ghc_4101_201904021630
12,24,True,classinsight-cmu_05748A_ghc_4101_201904021630
12,29,True,classinsight-cmu_05748A_ghc_4101_201904021630
12,40,True,classinsight-cmu_05748A_ghc_4101_201904021630
12,43,True,classinsight-cmu_05748A_ghc_4101_201904021630
12,57,True,classinsight-cmu_05748A_ghc_4101_201904021630
12,73,True,classinsight-cmu_05748A_ghc_4101_201904021630
13,2,True,classinsight-cmu_05748A_ghc_4101_201904021630
13,3,True,classinsight-cmu_05748A_ghc_4101_201904021630
13,4,True,classinsight-cmu_05748A_ghc_4101_201904021630
13,5,True,classinsight-cmu_05748A_ghc_4101_201904021630
13,13,True,classinsight-cmu_05748A_ghc_4101_201904021630
13,18,True,classinsight-cmu_05748A_ghc_4101_201904021630
13,19,True,classinsight-cmu_05748A_ghc_4101_201904021630
13,22,True,classinsight-cmu_05748A_ghc_4101_201904021630
13,26,True,classinsight-cmu_05748A_ghc_4101_201904021630
13,32,True,classinsight-cmu_05748A_ghc_4101_201904021630
13,44,True,classinsight-cmu_05748A_ghc_4101_201904021630
13,45,True,classinsight-cmu_05748A_ghc_4101_201904021630
13,48,True,classinsight-cmu_05748A_ghc_4101_201904021630
13,55,True,classinsight-cmu_05748A_ghc_4101_201904021630
13,56,True,classinsight-cmu_05748A_ghc_4101_201904021630
13,57,True,classinsight-cmu_05748A_ghc_4101_201904021630
13,58,True,classinsight-cmu_05748A_ghc_4101_201904021630
13,61,True,classinsight-cmu_05748A_ghc_4101_201904021630
13,62,True,classinsight-cmu_05748A_ghc_4101_201904021630
13,63,True,classinsight-cmu_05748A_ghc_4101_201904021630
13,66,True,classinsight-cmu_05748A_ghc_4101_201904021630
13,68,True,classinsight-cmu_05748A_ghc_4101_201904021630
13,72,True,classinsight-cmu_05748A_ghc_4101_201904021630
13,73,True,classinsight-cmu_05748A_ghc_4101_201904021630
13,75,True,classinsight-cmu_05748A_ghc_4101_201904021630
13,78,True,classinsight-cmu_05748A_ghc_4101_201904021630
14,5,True,classinsight-cmu_05748A_ghc_4101_201904021630
14,6,True,classinsight-cmu_05748A_ghc_4101_201904021630
14,17,True,classinsight-cmu_05748A_ghc_4101_201904021630
14,19,True,classinsight-cmu_05748A_ghc_4101_201904021630
14,28,True,classinsight-cmu_05748A_ghc_4101_201904021630
14,32,True,classinsight-cmu_05748A_ghc_4101_201904021630
14,36,True,classinsight-cmu_05748A_ghc_4101_201904021630
14,39,True,classinsight-cmu_05748A_ghc_4101_201904021630
14,48,True,classinsight-cmu_05748A_ghc_4101_201904021630
14,70,True,classinsight-cmu_05748A_ghc_4101_201904021630
14,73,True,classinsight-cmu_05748A_ghc_4101_201904021630
14,75,True,classinsight-cmu_05748A_ghc_4101_201904021630
14,76,True,classinsight-cmu_05748A_ghc_4101_201904021630
14,78,True,classinsight-cmu_05748A_ghc_4101_201904021630
15,32,True,classinsight-cmu_05748A_ghc_4101_201904021630
15,36,True,classinsight-cmu_05748A_ghc_4101_201904021630
15,37,True,classinsight-cmu_05748A_ghc_4101_201904021630
15,38,True,classinsight-cmu_05748A_ghc_4101_201904021630
15,39,True,classinsight-cmu_05748A_ghc_4101_201904021630
15,40,True,classinsight-cmu_05748A_ghc_4101_201904021630
16,41,True,classinsight-cmu_05748A_ghc_4101_201904021630
16,42,True,classinsight-cmu_05748A_ghc_4101_201904021630
16,44,True,classinsight-cmu_05748A_ghc_4101_201904021630
16,45,True,classinsight-cmu_05748A_ghc_4101_201904021630
16,76,True,classinsight-cmu_05748A_ghc_4101_201904021630
16,77,True,classinsight-cmu_05748A_ghc_4101_201904021630
16,78,True,classinsight-cmu_05748A_ghc_4101_201904021630
18,57,True,classinsight-cmu_05748A_ghc_4101_201904021630
18,62,True,classinsight-cmu_05748A_ghc_4101_201904021630
18,71,True,classinsight-cmu_05748A_ghc_4101_201904021630
18,73,True,classinsight-cmu_05748A_ghc_4101_201904021630
18,75,True,classinsight-cmu_05748A_ghc_4101_201904021630
19,66,True,classinsight-cmu_05748A_ghc_4101_201904021630
19,71,True,classinsight-cmu_05748A_ghc_4101_201904021630
19,76,True,classinsight-cmu_05748A_ghc_4101_201904021630
0,2,True,classinsight-cmu_05748A_ghc_4101_201902051630
1,2,True,classinsight-cmu_05748A_ghc_4101_201902051630
2,41,True,classinsight-cmu_05748A_ghc_4101_201902051630
2,44,True,classinsight-cmu_05748A_ghc_4101_201902051630
2,50,True,classinsight-cmu_05748A_ghc_4101_201902051630
2,66,True,classinsight-cmu_05748A_ghc_4101_201902051630
2,77,True,classinsight-cmu_05748A_ghc_4101_201902051630
4,42,True,classinsight-cmu_05748A_ghc_4101_201902051630
4,43,True,classinsight-cmu_05748A_ghc_4101_201902051630
4,44,True,classinsight-cmu_05748A_ghc_4101_201902051630
4,48,True,classinsight-cmu_05748A_ghc_4101_201902051630
5,24,True,classinsight-cmu_05748A_ghc_4101_201902051630
6,25,True,classinsight-cmu_05748A_ghc_4101_201902051630
7,0,True,classinsight-cmu_05748A_ghc_4101_201902051630
8,1,True,classinsight-cmu_05748A_ghc_4101_201902051630
8,2,True,classinsight-cmu_05748A_ghc_4101_201902051630
8,17,True,classinsight-cmu_05748A_ghc_4101_201902051630
8,25,True,classinsight-cmu_05748A_ghc_4101_201902051630
8,52,True,classinsight-cmu_05748A_ghc_4101_201902051630
8,67,True,classinsight-cmu_05748A_ghc_4101_201902051630
8,72,True,classinsight-cmu_05748A_ghc_4101_201902051630
8,75,True,classinsight-cmu_05748A_ghc_4101_201902051630
8,76,True,classinsight-cmu_05748A_ghc_4101_201902051630
8,77,True,classinsight-cmu_05748A_ghc_4101_201902051630
9,25,True,classinsight-cmu_05748A_ghc_4101_201902051630
9,43,True,classinsight-cmu_05748A_ghc_4101_201902051630
9,62,True,classinsight-cmu_05748A_ghc_4101_201902051630
9,69,True,classinsight-cmu_05748A_ghc_4101_201902051630
10,0,True,classinsight-cmu_05748A_ghc_4101_201902051630
10,1,True,classinsight-cmu_05748A_ghc_4101_201902051630
10,4,True,classinsight-cmu_05748A_ghc_4101_201902051630
10,33,True,classinsight-cmu_05748A_ghc_4101_201902051630
10,41,True,classinsight-cmu_05748A_ghc_4101_201902051630
10,45,True,classinsight-cmu_05748A_ghc_4101_201902051630
10,53,True,classinsight-cmu_05748A_ghc_4101_201902051630
10,78,True,classinsight-cmu_05748A_ghc_4101_201902051630
10,79,True,classinsight-cmu_05748A_ghc_4101_201902051630
11,1,True,classinsight-cmu_05748A_ghc_4101_201902051630
11,2,True,classinsight-cmu_05748A_ghc_4101_201902051630
11,4,True,classinsight-cmu_05748A_ghc_4101_201902051630
11,6,True,classinsight-cmu_05748A_ghc_4101_201902051630
11,7,True,classinsight-cmu_05748A_ghc_4101_201902051630
11,8,True,classinsight-cmu_05748A_ghc_4101_201902051630
11,20,True,classinsight-cmu_05748A_ghc_4101_201902051630
11,28,True,classinsight-cmu_05748A_ghc_4101_201902051630
11,32,True,classinsight-cmu_05748A_ghc_4101_201902051630
11,63,True,classinsight-cmu_05748A_ghc_4101_201902051630
12,2,True,classinsight-cmu_05748A_ghc_4101_201902051630
13,15,True,classinsight-cmu_05748A_ghc_4101_201902051630
13,17,True,classinsight-cmu_05748A_ghc_4101_201902051630
13,24,True,classinsight-cmu_05748A_ghc_4101_201902051630
13,33,True,classinsight-cmu_05748A_ghc_4101_201902051630
13,37,True,classinsight-cmu_05748A_ghc_4101_201902051630
13,42,True,classinsight-cmu_05748A_ghc_4101_201902051630
13,43,True,classinsight-cmu_05748A_ghc_4101_201902051630
13,47,True,classinsight-cmu_05748A_ghc_4101_201902051630
13,50,True,classinsight-cmu_05748A_ghc_4101_201902051630
13,51,True,classinsight-cmu_05748A_ghc_4101_201902051630
13,60,True,classinsight-cmu_05748A_ghc_4101_201902051630
13,63,True,classinsight-cmu_05748A_ghc_4101_201902051630
14,68,True,classinsight-cmu_05748A_ghc_4101_201902051630
14,74,True,classinsight-cmu_05748A_ghc_4101_201902051630
14,76,True,classinsight-cmu_05748A_ghc_4101_201902051630
15,16,True,classinsight-cmu_05748A_ghc_4101_201902051630
15,24,True,classinsight-cmu_05748A_ghc_4101_201902051630
15,42,True,classinsight-cmu_05748A_ghc_4101_201902051630
15,44,True,classinsight-cmu_05748A_ghc_4101_201902051630
15,47,True,classinsight-cmu_05748A_ghc_4101_201902051630
15,49,True,classinsight-cmu_05748A_ghc_4101_201902051630
15,50,True,classinsight-cmu_05748A_ghc_4101_201902051630
15,51,True,classinsight-cmu_05748A_ghc_4101_201902051630
15,63,True,classinsight-cmu_05748A_ghc_4101_201902051630
15,66,True,classinsight-cmu_05748A_ghc_4101_201902051630
16,18,True,classinsight-cmu_05748A_ghc_4101_201902051630
16,19,True,classinsight-cmu_05748A_ghc_4101_201902051630
16,25,True,classinsight-cmu_05748A_ghc_4101_201902051630
16,27,True,classinsight-cmu_05748A_ghc_4101_201902051630
16,28,True,classinsight-cmu_05748A_ghc_4101_201902051630
16,43,True,classinsight-cmu_05748A_ghc_4101_201902051630
16,46,True,classinsight-cmu_05748A_ghc_4101_201902051630
16,51,True,classinsight-cmu_05748A_ghc_4101_201902051630
16,68,True,classinsight-cmu_05748A_ghc_4101_201902051630
16,69,True,classinsight-cmu_05748A_ghc_4101_201902051630
16,70,True,classinsight-cmu_05748A_ghc_4101_201902051630
16,71,True,classinsight-cmu_05748A_ghc_4101_201902051630
16,74,True,classinsight-cmu_05748A_ghc_4101_201902051630
16,76,True,classinsight-cmu_05748A_ghc_4101_201902051630
17,24,True,classinsight-cmu_05748A_ghc_4101_201902051630
17,28,True,classinsight-cmu_05748A_ghc_4101_201902051630
17,67,True,classinsight-cmu_05748A_ghc_4101_201902051630
17,69,True,classinsight-cmu_05748A_ghc_4101_201902051630
0,0,True,classinsight-cmu_05748A_ghc_4101_201902281630
0,1,True,classinsight-cmu_05748A_ghc_4101_201902281630
0,2,True,classinsight-cmu_05748A_ghc_4101_201902281630
0,3,True,classinsight-cmu_05748A_ghc_4101_201902281630
0,4,True,classinsight-cmu_05748A_ghc_4101_201902281630
0,7,True,classinsight-cmu_05748A_ghc_4101_201902281630
0,11,True,classinsight-cmu_05748A_ghc_4101_201902281630
0,13,True,classinsight-cmu_05748A_ghc_4101_201902281630
0,18,True,classinsight-cmu_05748A_ghc_4101_201902281630
0,36,True,classinsight-cmu_05748A_ghc_4101_201902281630
0,37,True,classinsight-cmu_05748A_ghc_4101_201902281630
1,3,True,classinsight-cmu_05748A_ghc_4101_201902281630
1,4,True,classinsight-cmu_05748A_ghc_4101_201902281630
1,30,True,classinsight-cmu_05748A_ghc_4101_201902281630
1,39,True,classinsight-cmu_05748A_ghc_4101_201902281630
1,40,True,classinsight-cmu_05748A_ghc_4101_201902281630
1,43,True,classinsight-cmu_05748A_ghc_4101_201902281630
1,44,True,classinsight-cmu_05748A_ghc_4101_201902281630
1,46,True,classinsight-cmu_05748A_ghc_4101_201902281630
1,49,True,classinsight-cmu_05748A_ghc_4101_201902281630
1,50,True,classinsight-cmu_05748A_ghc_4101_201902281630
1,56,True,classinsight-cmu_05748A_ghc_4101_201902281630
1,57,True,classinsight-cmu_05748A_ghc_4101_201902281630
1,72,True,classinsight-cmu_05748A_ghc_4101_201902281630
1,73,True,classinsight-cmu_05748A_ghc_4101_201902281630
2,18,True,classinsight-cmu_05748A_ghc_4101_201902281630
2,26,True,classinsight-cmu_05748A_ghc_4101_201902281630
2,28,True,classinsight-cmu_05748A_ghc_4101_201902281630
2,53,True,classinsight-cmu_05748A_ghc_4101_201902281630
2,57,True,classinsight-cmu_05748A_ghc_4101_201902281630
2,65,True,classinsight-cmu_05748A_ghc_4101_201902281630
2,71,True,classinsight-cmu_05748A_ghc_4101_201902281630
3,0,True,classinsight-cmu_05748A_ghc_4101_201902281630
3,22,True,classinsight-cmu_05748A_ghc_4101_201902281630
3,50,True,classinsight-cmu_05748A_ghc_4101_201902281630
4,3,True,classinsight-cmu_05748A_ghc_4101_201902281630
5,0,True,classinsight-cmu_05748A_ghc_4101_201902281630
5,26,True,classinsight-cmu_05748A_ghc_4101_201902281630
5,29,True,classinsight-cmu_05748A_ghc_4101_201902281630
5,30,True,classinsight-cmu_05748A_ghc_4101_201902281630
5,44,True,classinsight-cmu_05748A_ghc_4101_201902281630
5,47,True,classinsight-cmu_05748A_ghc_4101_201902281630
5,48,True,classinsight-cmu_05748A_ghc_4101_201902281630
5,49,True,classinsight-cmu_05748A_ghc_4101_201902281630
5,60,True,classinsight-cmu_05748A_ghc_4101_201902281630
5,62,True,classinsight-cmu_05748A_ghc_4101_201902281630
5,63,True,classinsight-cmu_05748A_ghc_4101_201902281630
5,69,True,classinsight-cmu_05748A_ghc_4101_201902281630
5,70,True,classinsight-cmu_05748A_ghc_4101_201902281630
6,0,True,classinsight-cmu_05748A_ghc_4101_201902281630
6,1,True,classinsight-cmu_05748A_ghc_4101_201902281630
6,2,True,classinsight-cmu_05748A_ghc_4101_201902281630
6,3,True,classinsight-cmu_05748A_ghc_4101_201902281630
6,4,True,classinsight-cmu_05748A_ghc_4101_201902281630
6,6,True,classinsight-cmu_05748A_ghc_4101_201902281630
6,11,True,classinsight-cmu_05748A_ghc_4101_201902281630
6,23,True,classinsight-cmu_05748A_ghc_4101_201902281630
6,25,True,classinsight-cmu_05748A_ghc_4101_201902281630
6,27,True,classinsight-cmu_05748A_ghc_4101_201902281630
6,28,True,classinsight-cmu_05748A_ghc_4101_201902281630
6,30,True,classinsight-cmu_05748A_ghc_4101_201902281630
6,31,True,classinsight-cmu_05748A_ghc_4101_201902281630
6,32,True,classinsight-cmu_05748A_ghc_4101_201902281630
6,33,True,classinsight-cmu_05748A_ghc_4101_201902281630
6,34,True,classinsight-cmu_05748A_ghc_4101_201902281630
6,35,True,classinsight-cmu_05748A_ghc_4101_201902281630
6,37,True,classinsight-cmu_05748A_ghc_4101_201902281630
6,38,True,classinsight-cmu_05748A_ghc_4101_201902281630
6,39,True,classinsight-cmu_05748A_ghc_4101_201902281630
6,40,True,classinsight-cmu_05748A_ghc_4101_201902281630
6,41,True,classinsight-cmu_05748A_ghc_4101_201902281630
6,45,True,classinsight-cmu_05748A_ghc_4101_201902281630
6,47,True,classinsight-cmu_05748A_ghc_4101_201902281630
6,53,True,classinsight-cmu_05748A_ghc_4101_201902281630
6,54,True,classinsight-cmu_05748A_ghc_4101_201902281630
6,55,True,classinsight-cmu_05748A_ghc_4101_201902281630
6,56,True,classinsight-cmu_05748A_ghc_4101_201902281630
6,61,True,classinsight-cmu_05748A_ghc_4101_201902281630
7,0,True,classinsight-cmu_05748A_ghc_4101_201902281630
7,24,True,classinsight-cmu_05748A_ghc_4101_201902281630
7,51,True,classinsight-cmu_05748A_ghc_4101_201902281630
7,52,True,classinsight-cmu_05748A_ghc_4101_201902281630
8,46,True,classinsight-cmu_05748A_ghc_4101_201902281630
9,1,True,classinsight-cmu_05748A_ghc_4101_201902281630
9,3,True,classinsight-cmu_05748A_ghc_4101_201902281630
9,7,True,classinsight-cmu_05748A_ghc_4101_201902281630
9,46,True,classinsight-cmu_05748A_ghc_4101_201902281630
9,50,True,classinsight-cmu_05748A_ghc_4101_201902281630
9,51,True,classinsight-cmu_05748A_ghc_4101_201902281630
9,55,True,classinsight-cmu_05748A_ghc_4101_201902281630
9,72,True,classinsight-cmu_05748A_ghc_4101_201902281630
11,4,True,classinsight-cmu_05748A_ghc_4101_201902281630
11,40,True,classinsight-cmu_05748A_ghc_4101_201902281630
11,47,True,classinsight-cmu_05748A_ghc_4101_201902281630
11,48,True,classinsight-cmu_05748A_ghc_4101_201902281630
12,11,True,classinsight-cmu_05748A_ghc_4101_201902281630
12,14,True,classinsight-cmu_05748A_ghc_4101_201902281630
12,19,True,classinsight-cmu_05748A_ghc_4101_201902281630
12,45,True,classinsight-cmu_05748A_ghc_4101_201902281630
13,7,True,classinsight-cmu_05748A_ghc_4101_201902281630
13,8,True,classinsight-cmu_05748A_ghc_4101_201902281630
13,12,True,classinsight-cmu_05748A_ghc_4101_201902281630
13,24,True,classinsight-cmu_05748A_ghc_4101_201902281630
13,29,True,classinsight-cmu_05748A_ghc_4101_201902281630
13,30,True,classinsight-cmu_05748A_ghc_4101_201902281630
13,31,True,classinsight-cmu_05748A_ghc_4101_201902281630
14,4,True,classinsight-cmu_05748A_ghc_4101_201902281630
14,5,True,classinsight-cmu_05748A_ghc_4101_201902281630
14,10,True,classinsight-cmu_05748A_ghc_4101_201902281630
14,60,True,classinsight-cmu_05748A_ghc_4101_201902281630
14,61,True,classinsight-cmu_05748A_ghc_4101_201902281630
14,63,True,classinsight-cmu_05748A_ghc_4101_201902281630
15,35,True,classinsight-cmu_05748A_ghc_4101_201902281630
16,7,True,classinsight-cmu_05748A_ghc_4101_201902281630
16,8,True,classinsight-cmu_05748A_ghc_4101_201902281630
16,38,True,classinsight-cmu_05748A_ghc_4101_201902281630
16,46,True,classinsight-cmu_05748A_ghc_4101_201902281630
16,51,True,classinsight-cmu_05748A_ghc_4101_201902281630
17,8,True,classinsight-cmu_05748A_ghc_4101_201902281630
17,31,True,classinsight-cmu_05748A_ghc_4101_201902281630
17,51,True,classinsight-cmu_05748A_ghc_4101_201902281630
19,35,True,classinsight-cmu_05748A_ghc_4101_201902281630
19,45,True,classinsight-cmu_05748A_ghc_4101_201902281630
19,47,True,classinsight-cmu_05748A_ghc_4101_201902281630
19,51,True,classinsight-cmu_05748A_ghc_4101_201902281630
19,55,True,classinsight-cmu_05748A_ghc_4101_201902281630
19,57,True,classinsight-cmu_05748A_ghc_4101_201902281630
20,42,True,classinsight-cmu_05748A_ghc_4101_201902281630
0,22,True,classinsight-cmu_05748A_ghc_4101_201903071630
0,23,True,classinsight-cmu_05748A_ghc_4101_201903071630
1,0,True,classinsight-cmu_05748A_ghc_4101_201903071630
1,2,True,classinsight-cmu_05748A_ghc_4101_201903071630
1,14,True,classinsight-cmu_05748A_ghc_4101_201903071630
1,18,True,classinsight-cmu_05748A_ghc_4101_201903071630
1,22,True,classinsight-cmu_05748A_ghc_4101_201903071630
1,23,True,classinsight-cmu_05748A_ghc_4101_201903071630
1,26,True,classinsight-cmu_05748A_ghc_4101_201903071630
1,30,True,classinsight-cmu_05748A_ghc_4101_201903071630
1,38,True,classinsight-cmu_05748A_ghc_4101_201903071630
1,45,True,classinsight-cmu_05748A_ghc_4101_201903071630
1,47,True,classinsight-cmu_05748A_ghc_4101_201903071630
1,64,True,classinsight-cmu_05748A_ghc_4101_201903071630
1,65,True,classinsight-cmu_05748A_ghc_4101_201903071630
1,66,True,classinsight-cmu_05748A_ghc_4101_201903071630
1,67,True,classinsight-cmu_05748A_ghc_4101_201903071630
2,0,True,classinsight-cmu_05748A_ghc_4101_201903071630
2,1,True,classinsight-cmu_05748A_ghc_4101_201903071630
2,2,True,classinsight-cmu_05748A_ghc_4101_201903071630
2,3,True,classinsight-cmu_05748A_ghc_4101_201903071630
2,4,True,classinsight-cmu_05748A_ghc_4101_201903071630
2,5,True,classinsight-cmu_05748A_ghc_4101_201903071630
2,7,True,classinsight-cmu_05748A_ghc_4101_201903071630
3,0,True,classinsight-cmu_05748A_ghc_4101_201903071630
3,2,True,classinsight-cmu_05748A_ghc_4101_201903071630
3,20,True,classinsight-cmu_05748A_ghc_4101_201903071630
3,47,True,classinsight-cmu_05748A_ghc_4101_201903071630
3,54,True,classinsight-cmu_05748A_ghc_4101_201903071630
3,55,True,classinsight-cmu_05748A_ghc_4101_201903071630
3,59,True,classinsight-cmu_05748A_ghc_4101_201903071630
3,60,True,classinsight-cmu_05748A_ghc_4101_201903071630
3,66,True,classinsight-cmu_05748A_ghc_4101_201903071630
3,73,True,classinsight-cmu_05748A_ghc_4101_201903071630
3,74,True,classinsight-cmu_05748A_ghc_4101_201903071630
4,0,True,classinsight-cmu_05748A_ghc_4101_201903071630
4,1,True,classinsight-cmu_05748A_ghc_4101_201903071630
4,16,True,classinsight-cmu_05748A_ghc_4101_201903071630
4,17,True,classinsight-cmu_05748A_ghc_4101_201903071630
4,20,True,classinsight-cmu_05748A_ghc_4101_201903071630
4,24,True,classinsight-cmu_05748A_ghc_4101_201903071630
4,25,True,classinsight-cmu_05748A_ghc_4101_201903071630
4,27,True,classinsight-cmu_05748A_ghc_4101_201903071630
4,33,True,classinsight-cmu_05748A_ghc_4101_201903071630
4,44,True,classinsight-cmu_05748A_ghc_4101_201903071630
4,47,True,classinsight-cmu_05748A_ghc_4101_201903071630
4,52,True,classinsight-cmu_05748A_ghc_4101_201903071630
4,54,True,classinsight-cmu_05748A_ghc_4101_201903071630
4,57,True,classinsight-cmu_05748A_ghc_4101_201903071630
4,58,True,classinsight-cmu_05748A_ghc_4101_201903071630
4,59,True,classinsight-cmu_05748A_ghc_4101_201903071630
4,67,True,classinsight-cmu_05748A_ghc_4101_201903071630
4,73,True,classinsight-cmu_05748A_ghc_4101_201903071630
4,74,True,classinsight-cmu_05748A_ghc_4101_201903071630
5,1,True,classinsight-cmu_05748A_ghc_4101_201903071630
5,27,True,classinsight-cmu_05748A_ghc_4101_201903071630
5,28,True,classinsight-cmu_05748A_ghc_4101_201903071630
5,36,True,classinsight-cmu_05748A_ghc_4101_201903071630
6,30,True,classinsight-cmu_05748A_ghc_4101_201903071630
7,51,True,classinsight-cmu_05748A_ghc_4101_201903071630
7,52,True,classinsight-cmu_05748A_ghc_4101_201903071630
7,54,True,classinsight-cmu_05748A_ghc_4101_201903071630
8,0,True,classinsight-cmu_05748A_ghc_4101_201903071630
8,2,True,classinsight-cmu_05748A_ghc_4101_201903071630
8,16,True,classinsight-cmu_05748A_ghc_4101_201903071630
9,20,True,classinsight-cmu_05748A_ghc_4101_201903071630
9,25,True,classinsight-cmu_05748A_ghc_4101_201903071630
9,52,True,classinsight-cmu_05748A_ghc_4101_201903071630
11,2,True,classinsight-cmu_05748A_ghc_4101_201903071630
11,25,True,classinsight-cmu_05748A_ghc_4101_201903071630
11,26,True,classinsight-cmu_05748A_ghc_4101_201903071630
11,30,True,classinsight-cmu_05748A_ghc_4101_201903071630
11,47,True,classinsight-cmu_05748A_ghc_4101_201903071630
11,53,True,classinsight-cmu_05748A_ghc_4101_201903071630
11,54,True,classinsight-cmu_05748A_ghc_4101_201903071630
11,56,True,classinsight-cmu_05748A_ghc_4101_201903071630
13,47,True,classinsight-cmu_05748A_ghc_4101_201903071630
13,49,True,classinsight-cmu_05748A_ghc_4101_201903071630
13,53,True,classinsight-cmu_05748A_ghc_4101_201903071630
13,54,True,classinsight-cmu_05748A_ghc_4101_201903071630
13,55,True,classinsight-cmu_05748A_ghc_4101_201903071630
13,56,True,classinsight-cmu_05748A_ghc_4101_201903071630
14,15,True,classinsight-cmu_05748A_ghc_4101_201903071630
14,30,True,classinsight-cmu_05748A_ghc_4101_201903071630
14,49,True,classinsight-cmu_05748A_ghc_4101_201903071630
14,55,True,classinsight-cmu_05748A_ghc_4101_201903071630
14,65,True,classinsight-cmu_05748A_ghc_4101_201903071630
15,32,True,classinsight-cmu_05748A_ghc_4101_201903071630
15,40,True,classinsight-cmu_05748A_ghc_4101_201903071630
15,49,True,classinsight-cmu_05748A_ghc_4101_201903071630
15,54,True,classinsight-cmu_05748A_ghc_4101_201903071630
15,60,True,classinsight-cmu_05748A_ghc_4101_201903071630
15,61,True,classinsight-cmu_05748A_ghc_4101_201903071630
15,66,True,classinsight-cmu_05748A_ghc_4101_201903071630
16,54,True,classinsight-cmu_05748A_ghc_4101_201903071630
17,66,True,classinsight-cmu_05748A_ghc_4101_201903071630
19,57,True,classinsight-cmu_05748A_ghc_4101_201903071630
19,58,True,classinsight-cmu_05748A_ghc_4101_201903071630
19,59,True,classinsight-cmu_05748A_ghc_4101_201903071630
19,60,True,classinsight-cmu_05748A_ghc_4101_201903071630
19,61,True,classinsight-cmu_05748A_ghc_4101_201903071630
19,62,True,classinsight-cmu_05748A_ghc_4101_201903071630
19,63,True,classinsight-cmu_05748A_ghc_4101_201903071630
19,64,True,classinsight-cmu_05748A_ghc_4101_201903071630
0,46,True,classinsight-cmu_17214B_ph_a21_201902271030
1,35,True,classinsight-cmu_17214B_ph_a21_201902271030
2,3,True,classinsight-cmu_17214B_ph_a21_201902271030
2,4,True,classinsight-cmu_17214B_ph_a21_201902271030
2,16,True,classinsight-cmu_17214B_ph_a21_201902271030
2,28,True,classinsight-cmu_17214B_ph_a21_201902271030
2,32,True,classinsight-cmu_17214B_ph_a21_201902271030
2,33,True,classinsight-cmu_17214B_ph_a21_201902271030
2,47,True,classinsight-cmu_17214B_ph_a21_201902271030
3,35,True,classinsight-cmu_17214B_ph_a21_201902271030
4,1,True,classinsight-cmu_17214B_ph_a21_201902271030
4,2,True,classinsight-cmu_17214B_ph_a21_201902271030
5,16,True,classinsight-cmu_17214B_ph_a21_201902271030
5,26,True,classinsight-cmu_17214B_ph_a21_201902271030
6,5,True,classinsight-cmu_17214B_ph_a21_201902271030
6,37,True,classinsight-cmu_17214B_ph_a21_201902271030
6,39,True,classinsight-cmu_17214B_ph_a21_201902271030
6,43,True,classinsight-cmu_17214B_ph_a21_201902271030
8,6,True,classinsight-cmu_17214B_ph_a21_201902271030
8,27,True,classinsight-cmu_17214B_ph_a21_201902271030
9,7,True,classinsight-cmu_17214B_ph_a21_201902271030
10,6,True,classinsight-cmu_17214B_ph_a21_201902271030
10,7,True,classinsight-cmu_17214B_ph_a21_201902271030
11,7,True,classinsight-cmu_17214B_ph_a21_201902271030
11,42,True,classinsight-cmu_17214B_ph_a21_201902271030
12,13,True,classinsight-cmu_17214B_ph_a21_201902271030
12,14,True,classinsight-cmu_17214B_ph_a21_201902271030
12,15,True,classinsight-cmu_17214B_ph_a21_201902271030
12,16,True,classinsight-cmu_17214B_ph_a21_201902271030
12,17,True,classinsight-cmu_17214B_ph_a21_201902271030
12,18,True,classinsight-cmu_17214B_ph_a21_201902271030
12,19,True,classinsight-cmu_17214B_ph_a21_201902271030
12,20,True,classinsight-cmu_17214B_ph_a21_201902271030
12,21,True,classinsight-cmu_17214B_ph_a21_201902271030
12,22,True,classinsight-cmu_17214B_ph_a21_201902271030
12,23,True,classinsight-cmu_17214B_ph_a21_201902271030
12,24,True,classinsight-cmu_17214B_ph_a21_201902271030
12,25,True,classinsight-cmu_17214B_ph_a21_201902271030
12,26,True,classinsight-cmu_17214B_ph_a21_201902271030
12,27,True,classinsight-cmu_17214B_ph_a21_201902271030
12,28,True,classinsight-cmu_17214B_ph_a21_201902271030
12,29,True,classinsight-cmu_17214B_ph_a21_201902271030
12,30,True,classinsight-cmu_17214B_ph_a21_201902271030
12,31,True,classinsight-cmu_17214B_ph_a21_201902271030
12,33,True,classinsight-cmu_17214B_ph_a21_201902271030
12,34,True,classinsight-cmu_17214B_ph_a21_201902271030
12,35,True,classinsight-cmu_17214B_ph_a21_201902271030
12,36,True,classinsight-cmu_17214B_ph_a21_201902271030
12,37,True,classinsight-cmu_17214B_ph_a21_201902271030
12,38,True,classinsight-cmu_17214B_ph_a21_201902271030
12,39,True,classinsight-cmu_17214B_ph_a21_201902271030
12,40,True,classinsight-cmu_17214B_ph_a21_201902271030
12,41,True,classinsight-cmu_17214B_ph_a21_201902271030
12,42,True,classinsight-cmu_17214B_ph_a21_201902271030
12,43,True,classinsight-cmu_17214B_ph_a21_201902271030
12,44,True,classinsight-cmu_17214B_ph_a21_201902271030
12,45,True,classinsight-cmu_17214B_ph_a21_201902271030
12,46,True,classinsight-cmu_17214B_ph_a21_201902271030
12,47,True,classinsight-cmu_17214B_ph_a21_201902271030
12,48,True,classinsight-cmu_17214B_ph_a21_201902271030
12,49,True,classinsight-cmu_17214B_ph_a21_201902271030
13,26,True,classinsight-cmu_17214B_ph_a21_201902271030
13,27,True,classinsight-cmu_17214B_ph_a21_201902271030
13,28,True,classinsight-cmu_17214B_ph_a21_201902271030
13,29,True,classinsight-cmu_17214B_ph_a21_201902271030
13,30,True,classinsight-cmu_17214B_ph_a21_201902271030
13,32,True,classinsight-cmu_17214B_ph_a21_201902271030
13,33,True,classinsight-cmu_17214B_ph_a21_201902271030
13,34,True,classinsight-cmu_17214B_ph_a21_201902271030
13,35,True,classinsight-cmu_17214B_ph_a21_201902271030
13,36,True,classinsight-cmu_17214B_ph_a21_201902271030
13,37,True,classinsight-cmu_17214B_ph_a21_201902271030
13,38,True,classinsight-cmu_17214B_ph_a21_201902271030
13,39,True,classinsight-cmu_17214B_ph_a21_201902271030
13,40,True,classinsight-cmu_17214B_ph_a21_201902271030
13,41,True,classinsight-cmu_17214B_ph_a21_201902271030
13,42,True,classinsight-cmu_17214B_ph_a21_201902271030
13,45,True,classinsight-cmu_17214B_ph_a21_201902271030
13,46,True,classinsight-cmu_17214B_ph_a21_201902271030
13,48,True,classinsight-cmu_17214B_ph_a21_201902271030
13,49,True,classinsight-cmu_17214B_ph_a21_201902271030
1,36,True,classinsight-cmu_17214B_ph_a21_201903061030
2,27,True,classinsight-cmu_17214B_ph_a21_201903061030
2,33,True,classinsight-cmu_17214B_ph_a21_201903061030
2,35,True,classinsight-cmu_17214B_ph_a21_201903061030
2,36,True,classinsight-cmu_17214B_ph_a21_201903061030
2,41,True,classinsight-cmu_17214B_ph_a21_201903061030
2,42,True,classinsight-cmu_17214B_ph_a21_201903061030
3,1,True,classinsight-cmu_17214B_ph_a21_201903061030
3,10,True,classinsight-cmu_17214B_ph_a21_201903061030
3,18,True,classinsight-cmu_17214B_ph_a21_201903061030
3,20,True,classinsight-cmu_17214B_ph_a21_201903061030
4,0,True,classinsight-cmu_17214B_ph_a21_201903061030
4,1,True,classinsight-cmu_17214B_ph_a21_201903061030
4,19,True,classinsight-cmu_17214B_ph_a21_201903061030
4,24,True,classinsight-cmu_17214B_ph_a21_201903061030
4,25,True,classinsight-cmu_17214B_ph_a21_201903061030
4,26,True,classinsight-cmu_17214B_ph_a21_201903061030
4,27,True,classinsight-cmu_17214B_ph_a21_201903061030
4,28,True,classinsight-cmu_17214B_ph_a21_201903061030
4,31,True,classinsight-cmu_17214B_ph_a21_201903061030
4,32,True,classinsight-cmu_17214B_ph_a21_201903061030
4,34,True,classinsight-cmu_17214B_ph_a21_201903061030
4,36,True,classinsight-cmu_17214B_ph_a21_201903061030
4,41,True,classinsight-cmu_17214B_ph_a21_201903061030
5,25,True,classinsight-cmu_17214B_ph_a21_201903061030
6,8,True,classinsight-cmu_17214B_ph_a21_201903061030
6,23,True,classinsight-cmu_17214B_ph_a21_201903061030
6,39,True,classinsight-cmu_17214B_ph_a21_201903061030
7,18,True,classinsight-cmu_17214B_ph_a21_201903061030
7,35,True,classinsight-cmu_17214B_ph_a21_201903061030
7,37,True,classinsight-cmu_17214B_ph_a21_201903061030
8,25,True,classinsight-cmu_17214B_ph_a21_201903061030
8,27,True,classinsight-cmu_17214B_ph_a21_201903061030
9,27,True,classinsight-cmu_17214B_ph_a21_201903061030
9,28,True,classinsight-cmu_17214B_ph_a21_201903061030
9,29,True,classinsight-cmu_17214B_ph_a21_201903061030
9,30,True,classinsight-cmu_17214B_ph_a21_201903061030
9,32,True,classinsight-cmu_17214B_ph_a21_201903061030
9,35,True,classinsight-cmu_17214B_ph_a21_201903061030
9,36,True,classinsight-cmu_17214B_ph_a21_201903061030
9,38,True,classinsight-cmu_17214B_ph_a21_201903061030
10,28,True,classinsight-cmu_17214B_ph_a21_201903061030
10,29,True,classinsight-cmu_17214B_ph_a21_201903061030
10,30,True,classinsight-cmu_17214B_ph_a21_201903061030
10,31,True,classinsight-cmu_17214B_ph_a21_201903061030
10,32,True,classinsight-cmu_17214B_ph_a21_201903061030
13,41,True,classinsight-cmu_17214B_ph_a21_201903061030
13,46,True,classinsight-cmu_17214B_ph_a21_201903061030
0,35,True,classinsight-cmu_17214B_ph_a21_201904031030
0,37,True,classinsight-cmu_17214B_ph_a21_201904031030
1,0,True,classinsight-cmu_17214B_ph_a21_201904031030
1,3,True,classinsight-cmu_17214B_ph_a21_201904031030
1,10,True,classinsight-cmu_17214B_ph_a21_201904031030
1,31,True,classinsight-cmu_17214B_ph_a21_201904031030
1,48,True,classinsight-cmu_17214B_ph_a21_201904031030
2,16,True,classinsight-cmu_17214B_ph_a21_201904031030
2,22,True,classinsight-cmu_17214B_ph_a21_201904031030
3,39,True,classinsight-cmu_17214B_ph_a21_201904031030
4,2,True,classinsight-cmu_17214B_ph_a21_201904031030
4,12,True,classinsight-cmu_17214B_ph_a21_201904031030
4,13,True,classinsight-cmu_17214B_ph_a21_201904031030
4,23,True,classinsight-cmu_17214B_ph_a21_201904031030
4,24,True,classinsight-cmu_17214B_ph_a21_201904031030
4,45,True,classinsight-cmu_17214B_ph_a21_201904031030
4,46,True,classinsight-cmu_17214B_ph_a21_201904031030
5,3,True,classinsight-cmu_17214B_ph_a21_201904031030
5,15,True,classinsight-cmu_17214B_ph_a21_201904031030
6,45,True,classinsight-cmu_17214B_ph_a21_201904031030
7,28,True,classinsight-cmu_17214B_ph_a21_201904031030
7,44,True,classinsight-cmu_17214B_ph_a21_201904031030
7,46,True,classinsight-cmu_17214B_ph_a21_201904031030
8,44,True,classinsight-cmu_17214B_ph_a21_201904031030
8,45,True,classinsight-cmu_17214B_ph_a21_201904031030
8,46,True,classinsight-cmu_17214B_ph_a21_201904031030
8,47,True,classinsight-cmu_17214B_ph_a21_201904031030
8,48,True,classinsight-cmu_17214B_ph_a21_201904031030
0,2,True,classinsight-cmu_17214B_ph_a21_201904101030
0,3,True,classinsight-cmu_17214B_ph_a21_201904101030
0,6,True,classinsight-cmu_17214B_ph_a21_201904101030
0,28,True,classinsight-cmu_17214B_ph_a21_201904101030
0,39,True,classinsight-cmu_17214B_ph_a21_201904101030
0,40,True,classinsight-cmu_17214B_ph_a21_201904101030
0,46,True,classinsight-cmu_17214B_ph_a21_201904101030
0,48,True,classinsight-cmu_17214B_ph_a21_201904101030
0,49,True,classinsight-cmu_17214B_ph_a21_201904101030
1,4,True,classinsight-cmu_17214B_ph_a21_201904101030
1,20,True,classinsight-cmu_17214B_ph_a21_201904101030
1,43,True,classinsight-cmu_17214B_ph_a21_201904101030
2,17,True,classinsight-cmu_17214B_ph_a21_201904101030
2,23,True,classinsight-cmu_17214B_ph_a21_201904101030
3,17,True,classinsight-cmu_17214B_ph_a21_201904101030
4,35,True,classinsight-cmu_17214B_ph_a21_201904101030
5,24,True,classinsight-cmu_17214B_ph_a21_201904101030
5,31,True,classinsight-cmu_17214B_ph_a21_201904101030
5,37,True,classinsight-cmu_17214B_ph_a21_201904101030
5,43,True,classinsight-cmu_17214B_ph_a21_201904101030
5,47,True,classinsight-cmu_17214B_ph_a21_201904101030
6,1,True,classinsight-cmu_17214B_ph_a21_201904101030
6,33,True,classinsight-cmu_17214B_ph_a21_201904101030
6,34,True,classinsight-cmu_17214B_ph_a21_201904101030
6,45,True,classinsight-cmu_17214B_ph_a21_201904101030
8,7,True,classinsight-cmu_17214B_ph_a21_201904101030
8,8,True,classinsight-cmu_17214B_ph_a21_201904101030
8,19,True,classinsight-cmu_17214B_ph_a21_201904101030
8,30,True,classinsight-cmu_17214B_ph_a21_201904101030
8,34,True,classinsight-cmu_17214B_ph_a21_201904101030
8,40,True,classinsight-cmu_17214B_ph_a21_201904101030
8,47,True,classinsight-cmu_17214B_ph_a21_201904101030
9,23,True,classinsight-cmu_17214B_ph_a21_201904101030
9,24,True,classinsight-cmu_17214B_ph_a21_201904101030
9,25,True,classinsight-cmu_17214B_ph_a21_201904101030
9,26,True,classinsight-cmu_17214B_ph_a21_201904101030
9,28,True,classinsight-cmu_17214B_ph_a21_201904101030
9,30,True,classinsight-cmu_17214B_ph_a21_201904101030
9,31,True,classinsight-cmu_17214B_ph_a21_201904101030
9,32,True,classinsight-cmu_17214B_ph_a21_201904101030
10,29,True,classinsight-cmu_17214B_ph_a21_201904101030
10,30,True,classinsight-cmu_17214B_ph_a21_201904101030
10,31,True,classinsight-cmu_17214B_ph_a21_201904101030
10,37,True,classinsight-cmu_17214B_ph_a21_201904101030
11,37,True,classinsight-cmu_17214B_ph_a21_201904101030
11,39,True,classinsight-cmu_17214B_ph_a21_201904101030
12,34,True,classinsight-cmu_17214B_ph_a21_201904101030
12,35,True,classinsight-cmu_17214B_ph_a21_201904101030
12,37,True,classinsight-cmu_17214B_ph_a21_201904101030
12,42,True,classinsight-cmu_17214B_ph_a21_201904101030
13,42,True,classinsight-cmu_17214B_ph_a21_201904101030
13,43,True,classinsight-cmu_17214B_ph_a21_201904101030
13,44,True,classinsight-cmu_17214B_ph_a21_201904101030
13,46,True,classinsight-cmu_17214B_ph_a21_201904101030
13,47,True,classinsight-cmu_17214B_ph_a21_201904101030
0,0,True,classinsight-cmu_17214B_ph_a21_201904241030
0,1,True,classinsight-cmu_17214B_ph_a21_201904241030
0,26,True,classinsight-cmu_17214B_ph_a21_201904241030
1,0,True,classinsight-cmu_17214B_ph_a21_201904241030
1,46,True,classinsight-cmu_17214B_ph_a21_201904241030
3,0,True,classinsight-cmu_17214B_ph_a21_201904241030
3,4,True,classinsight-cmu_17214B_ph_a21_201904241030
3,11,True,classinsight-cmu_17214B_ph_a21_201904241030
4,1,True,classinsight-cmu_17214B_ph_a21_201904241030
4,13,True,classinsight-cmu_17214B_ph_a21_201904241030
5,3,True,classinsight-cmu_17214B_ph_a21_201904241030
6,9,True,classinsight-cmu_17214B_ph_a21_201904241030
6,29,True,classinsight-cmu_17214B_ph_a21_201904241030
7,8,True,classinsight-cmu_17214B_ph_a21_201904241030
7,38,True,classinsight-cmu_17214B_ph_a21_201904241030
8,9,True,classinsight-cmu_17214B_ph_a21_201904241030
8,10,True,classinsight-cmu_17214B_ph_a21_201904241030
8,14,True,classinsight-cmu_17214B_ph_a21_201904241030
8,15,True,classinsight-cmu_17214B_ph_a21_201904241030
8,17,True,classinsight-cmu_17214B_ph_a21_201904241030
12,27,True,classinsight-cmu_17214B_ph_a21_201904241030
12,28,True,classinsight-cmu_17214B_ph_a21_201904241030
12,29,True,classinsight-cmu_17214B_ph_a21_201904241030
12,30,True,classinsight-cmu_17214B_ph_a21_201904241030
12,31,True,classinsight-cmu_17214B_ph_a21_201904241030
12,32,True,classinsight-cmu_17214B_ph_a21_201904241030
12,33,True,classinsight-cmu_17214B_ph_a21_201904241030
12,34,True,classinsight-cmu_17214B_ph_a21_201904241030
13,28,True,classinsight-cmu_17214B_ph_a21_201904241030
13,29,True,classinsight-cmu_17214B_ph_a21_201904241030
13,30,True,classinsight-cmu_17214B_ph_a21_201904241030
13,31,True,classinsight-cmu_17214B_ph_a21_201904241030
13,32,True,classinsight-cmu_17214B_ph_a21_201904241030
13,33,True,classinsight-cmu_17214B_ph_a21_201904241030
0,8,True,classinsight-cmu_17214C_ph_225b_201903201130
0,15,True,classinsight-cmu_17214C_ph_225b_201903201130
0,17,True,classinsight-cmu_17214C_ph_225b_201903201130
2,1,True,classinsight-cmu_17214C_ph_225b_201903201130
5,3,True,classinsight-cmu_17214C_ph_225b_201903201130
5,5,True,classinsight-cmu_17214C_ph_225b_201903201130
6,0,True,classinsight-cmu_17214C_ph_225b_201903201130
6,1,True,classinsight-cmu_17214C_ph_225b_201903201130
6,2,True,classinsight-cmu_17214C_ph_225b_201903201130
6,3,True,classinsight-cmu_17214C_ph_225b_201903201130
6,4,True,classinsight-cmu_17214C_ph_225b_201903201130
6,5,True,classinsight-cmu_17214C_ph_225b_201903201130
6,6,True,classinsight-cmu_17214C_ph_225b_201903201130
6,7,True,classinsight-cmu_17214C_ph_225b_201903201130
6,8,True,classinsight-cmu_17214C_ph_225b_201903201130
6,9,True,classinsight-cmu_17214C_ph_225b_201903201130
6,10,True,classinsight-cmu_17214C_ph_225b_201903201130
6,14,True,classinsight-cmu_17214C_ph_225b_201903201130
6,15,True,classinsight-cmu_17214C_ph_225b_201903201130
7,0,True,classinsight-cmu_17214C_ph_225b_201903201130
7,1,True,classinsight-cmu_17214C_ph_225b_201903201130
7,5,True,classinsight-cmu_17214C_ph_225b_201903201130
7,7,True,classinsight-cmu_17214C_ph_225b_201903201130
7,8,True,classinsight-cmu_17214C_ph_225b_201903201130
7,9,True,classinsight-cmu_17214C_ph_225b_201903201130
7,10,True,classinsight-cmu_17214C_ph_225b_201903201130
7,11,True,classinsight-cmu_17214C_ph_225b_201903201130
7,12,True,classinsight-cmu_17214C_ph_225b_201903201130
7,13,True,classinsight-cmu_17214C_ph_225b_201903201130
7,14,True,classinsight-cmu_17214C_ph_225b_201903201130
7,15,True,classinsight-cmu_17214C_ph_225b_201903201130
7,17,True,classinsight-cmu_17214C_ph_225b_201903201130
7,18,True,classinsight-cmu_17214C_ph_225b_201903201130
9,2,True,classinsight-cmu_17214C_ph_225b_201903201130
10,1,True,classinsight-cmu_17214C_ph_225b_201903201130
11,10,True,classinsight-cmu_17214C_ph_225b_201903201130
13,12,True,classinsight-cmu_17214C_ph_225b_201903201130
1,19,True,classinsight-cmu_17214C_ph_225b_201904101130
2,0,True,classinsight-cmu_17214C_ph_225b_201904101130
2,2,True,classinsight-cmu_17214C_ph_225b_201904101130
2,3,True,classinsight-cmu_17214C_ph_225b_201904101130
2,4,True,classinsight-cmu_17214C_ph_225b_201904101130
2,5,True,classinsight-cmu_17214C_ph_225b_201904101130
2,6,True,classinsight-cmu_17214C_ph_225b_201904101130
2,12,True,classinsight-cmu_17214C_ph_225b_201904101130
2,13,True,classinsight-cmu_17214C_ph_225b_201904101130
2,33,True,classinsight-cmu_17214C_ph_225b_201904101130
2,36,True,classinsight-cmu_17214C_ph_225b_201904101130
2,41,True,classinsight-cmu_17214C_ph_225b_201904101130
2,42,True,classinsight-cmu_17214C_ph_225b_201904101130
2,48,True,classinsight-cmu_17214C_ph_225b_201904101130
2,49,True,classinsight-cmu_17214C_ph_225b_201904101130
3,42,True,classinsight-cmu_17214C_ph_225b_201904101130
3,48,True,classinsight-cmu_17214C_ph_225b_201904101130
4,5,True,classinsight-cmu_17214C_ph_225b_201904101130
4,19,True,classinsight-cmu_17214C_ph_225b_201904101130
4,20,True,classinsight-cmu_17214C_ph_225b_201904101130
4,21,True,classinsight-cmu_17214C_ph_225b_201904101130
4,47,True,classinsight-cmu_17214C_ph_225b_201904101130
5,5,True,classinsight-cmu_17214C_ph_225b_201904101130
5,7,True,classinsight-cmu_17214C_ph_225b_201904101130
5,8,True,classinsight-cmu_17214C_ph_225b_201904101130
5,9,True,classinsight-cmu_17214C_ph_225b_201904101130
5,10,True,classinsight-cmu_17214C_ph_225b_201904101130
5,11,True,classinsight-cmu_17214C_ph_225b_201904101130
5,12,True,classinsight-cmu_17214C_ph_225b_201904101130
6,45,True,classinsight-cmu_17214C_ph_225b_201904101130
6,47,True,classinsight-cmu_17214C_ph_225b_201904101130
7,5,True,classinsight-cmu_17214C_ph_225b_201904101130
7,47,True,classinsight-cmu_17214C_ph_225b_201904101130
8,3,True,classinsight-cmu_17214C_ph_225b_201904101130
8,4,True,classinsight-cmu_17214C_ph_225b_201904101130
8,5,True,classinsight-cmu_17214C_ph_225b_201904101130
8,6,True,classinsight-cmu_17214C_ph_225b_201904101130
9,18,True,classinsight-cmu_17214C_ph_225b_201904101130
9,19,True,classinsight-cmu_17214C_ph_225b_201904101130
10,23,True,classinsight-cmu_17214C_ph_225b_201904101130
10,34,True,classinsight-cmu_17214C_ph_225b_201904101130
10,47,True,classinsight-cmu_17214C_ph_225b_201904101130
10,48,True,classinsight-cmu_17214C_ph_225b_201904101130
11,16,True,classinsight-cmu_17214C_ph_225b_201904101130
12,28,True,classinsight-cmu_17214C_ph_225b_201904101130
13,25,True,classinsight-cmu_17214C_ph_225b_201904101130
13,26,True,classinsight-cmu_17214C_ph_225b_201904101130
13,47,True,classinsight-cmu_17214C_ph_225b_201904101130
14,36,True,classinsight-cmu_17214C_ph_225b_201904101130
14,42,True,classinsight-cmu_17214C_ph_225b_201904101130
0,25,True,classinsight-cmu_17214C_ph_225b_201904171130
1,25,True,classinsight-cmu_17214C_ph_225b_201904171130
1,48,True,classinsight-cmu_17214C_ph_225b_201904171130
2,7,True,classinsight-cmu_17214C_ph_225b_201904171130
2,15,True,classinsight-cmu_17214C_ph_225b_201904171130
2,48,True,classinsight-cmu_17214C_ph_225b_201904171130
3,15,True,classinsight-cmu_17214C_ph_225b_201904171130
3,17,True,classinsight-cmu_17214C_ph_225b_201904171130
3,18,True,classinsight-cmu_17214C_ph_225b_201904171130
3,40,True,classinsight-cmu_17214C_ph_225b_201904171130
4,21,True,classinsight-cmu_17214C_ph_225b_201904171130
4,25,True,classinsight-cmu_17214C_ph_225b_201904171130
4,26,True,classinsight-cmu_17214C_ph_225b_201904171130
4,27,True,classinsight-cmu_17214C_ph_225b_201904171130
5,0,True,classinsight-cmu_17214C_ph_225b_201904171130
5,45,True,classinsight-cmu_17214C_ph_225b_201904171130
6,5,True,classinsight-cmu_17214C_ph_225b_201904171130
6,34,True,classinsight-cmu_17214C_ph_225b_201904171130
6,38,True,classinsight-cmu_17214C_ph_225b_201904171130
6,49,True,classinsight-cmu_17214C_ph_225b_201904171130
7,0,True,classinsight-cmu_17214C_ph_225b_201904171130
7,1,True,classinsight-cmu_17214C_ph_225b_201904171130
7,3,True,classinsight-cmu_17214C_ph_225b_201904171130
7,5,True,classinsight-cmu_17214C_ph_225b_201904171130
7,9,True,classinsight-cmu_17214C_ph_225b_201904171130
7,17,True,classinsight-cmu_17214C_ph_225b_201904171130
8,0,True,classinsight-cmu_17214C_ph_225b_201904171130
8,6,True,classinsight-cmu_17214C_ph_225b_201904171130
8,8,True,classinsight-cmu_17214C_ph_225b_201904171130
8,21,True,classinsight-cmu_17214C_ph_225b_201904171130
8,23,True,classinsight-cmu_17214C_ph_225b_201904171130
8,26,True,classinsight-cmu_17214C_ph_225b_201904171130
8,27,True,classinsight-cmu_17214C_ph_225b_201904171130
8,33,True,classinsight-cmu_17214C_ph_225b_201904171130
8,44,True,classinsight-cmu_17214C_ph_225b_201904171130
8,48,True,classinsight-cmu_17214C_ph_225b_201904171130
9,0,True,classinsight-cmu_17214C_ph_225b_201904171130
9,1,True,classinsight-cmu_17214C_ph_225b_201904171130
9,3,True,classinsight-cmu_17214C_ph_225b_201904171130
9,5,True,classinsight-cmu_17214C_ph_225b_201904171130
9,6,True,classinsight-cmu_17214C_ph_225b_201904171130
9,8,True,classinsight-cmu_17214C_ph_225b_201904171130
9,9,True,classinsight-cmu_17214C_ph_225b_201904171130
9,10,True,classinsight-cmu_17214C_ph_225b_201904171130
9,12,True,classinsight-cmu_17214C_ph_225b_201904171130
9,14,True,classinsight-cmu_17214C_ph_225b_201904171130
9,15,True,classinsight-cmu_17214C_ph_225b_201904171130
9,16,True,classinsight-cmu_17214C_ph_225b_201904171130
9,17,True,classinsight-cmu_17214C_ph_225b_201904171130
9,18,True,classinsight-cmu_17214C_ph_225b_201904171130
9,26,True,classinsight-cmu_17214C_ph_225b_201904171130
9,27,True,classinsight-cmu_17214C_ph_225b_201904171130
9,28,True,classinsight-cmu_17214C_ph_225b_201904171130
9,29,True,classinsight-cmu_17214C_ph_225b_201904171130
10,4,True,classinsight-cmu_17214C_ph_225b_201904171130
10,6,True,classinsight-cmu_17214C_ph_225b_201904171130
10,44,True,classinsight-cmu_17214C_ph_225b_201904171130
10,45,True,classinsight-cmu_17214C_ph_225b_201904171130
10,46,True,classinsight-cmu_17214C_ph_225b_201904171130
10,47,True,classinsight-cmu_17214C_ph_225b_201904171130
11,9,True,classinsight-cmu_17214C_ph_225b_201904171130
11,10,True,classinsight-cmu_17214C_ph_225b_201904171130
11,12,True,classinsight-cmu_17214C_ph_225b_201904171130
11,16,True,classinsight-cmu_17214C_ph_225b_201904171130
11,23,True,classinsight-cmu_17214C_ph_225b_201904171130
11,25,True,classinsight-cmu_17214C_ph_225b_201904171130
11,34,True,classinsight-cmu_17214C_ph_225b_201904171130
11,49,True,classinsight-cmu_17214C_ph_225b_201904171130
12,12,True,classinsight-cmu_17214C_ph_225b_201904171130
12,15,True,classinsight-cmu_17214C_ph_225b_201904171130
12,34,True,classinsight-cmu_17214C_ph_225b_201904171130
12,38,True,classinsight-cmu_17214C_ph_225b_201904171130
12,39,True,classinsight-cmu_17214C_ph_225b_201904171130
12,49,True,classinsight-cmu_17214C_ph_225b_201904171130
13,13,True,classinsight-cmu_17214C_ph_225b_201904171130
15,27,True,classinsight-cmu_17214C_ph_225b_201904171130
15,28,True,classinsight-cmu_17214C_ph_225b_201904171130
15,29,True,classinsight-cmu_17214C_ph_225b_201904171130
15,32,True,classinsight-cmu_17214C_ph_225b_201904171130
15,33,True,classinsight-cmu_17214C_ph_225b_201904171130
15,34,True,classinsight-cmu_17214C_ph_225b_201904171130
15,35,True,classinsight-cmu_17214C_ph_225b_201904171130
15,36,True,classinsight-cmu_17214C_ph_225b_201904171130
16,40,True,classinsight-cmu_17214C_ph_225b_201904171130
16,42,True,classinsight-cmu_17214C_ph_225b_201904171130
16,43,True,classinsight-cmu_17214C_ph_225b_201904171130
16,44,True,classinsight-cmu_17214C_ph_225b_201904171130
16,45,True,classinsight-cmu_17214C_ph_225b_201904171130
16,46,True,classinsight-cmu_17214C_ph_225b_201904171130
16,48,True,classinsight-cmu_17214C_ph_225b_201904171130
16,49,True,classinsight-cmu_17214C_ph_225b_201904171130
1,2,True,classinsight-cmu_17214C_ph_225b_201904241130
2,37,True,classinsight-cmu_17214C_ph_225b_201904241130
2,38,True,classinsight-cmu_17214C_ph_225b_201904241130
3,27,True,classinsight-cmu_17214C_ph_225b_201904241130
5,0,True,classinsight-cmu_17214C_ph_225b_201904241130
5,4,True,classinsight-cmu_17214C_ph_225b_201904241130
5,8,True,classinsight-cmu_17214C_ph_225b_201904241130
5,19,True,classinsight-cmu_17214C_ph_225b_201904241130
5,47,True,classinsight-cmu_17214C_ph_225b_201904241130
5,48,True,classinsight-cmu_17214C_ph_225b_201904241130
5,49,True,classinsight-cmu_17214C_ph_225b_201904241130
6,14,True,classinsight-cmu_17214C_ph_225b_201904241130
7,2,True,classinsight-cmu_17214C_ph_225b_201904241130
7,4,True,classinsight-cmu_17214C_ph_225b_201904241130
7,6,True,classinsight-cmu_17214C_ph_225b_201904241130
7,7,True,classinsight-cmu_17214C_ph_225b_201904241130
7,8,True,classinsight-cmu_17214C_ph_225b_201904241130
7,9,True,classinsight-cmu_17214C_ph_225b_201904241130
7,10,True,classinsight-cmu_17214C_ph_225b_201904241130
7,11,True,classinsight-cmu_17214C_ph_225b_201904241130
7,12,True,classinsight-cmu_17214C_ph_225b_201904241130
7,13,True,classinsight-cmu_17214C_ph_225b_201904241130
7,15,True,classinsight-cmu_17214C_ph_225b_201904241130
7,16,True,classinsight-cmu_17214C_ph_225b_201904241130
7,18,True,classinsight-cmu_17214C_ph_225b_201904241130
7,19,True,classinsight-cmu_17214C_ph_225b_201904241130
7,20,True,classinsight-cmu_17214C_ph_225b_201904241130
7,21,True,classinsight-cmu_17214C_ph_225b_201904241130
7,22,True,classinsight-cmu_17214C_ph_225b_201904241130
7,23,True,classinsight-cmu_17214C_ph_225b_201904241130
7,24,True,classinsight-cmu_17214C_ph_225b_201904241130
7,25,True,classinsight-cmu_17214C_ph_225b_201904241130
7,26,True,classinsight-cmu_17214C_ph_225b_201904241130
7,27,True,classinsight-cmu_17214C_ph_225b_201904241130
7,28,True,classinsight-cmu_17214C_ph_225b_201904241130
7,29,True,classinsight-cmu_17214C_ph_225b_201904241130
7,30,True,classinsight-cmu_17214C_ph_225b_201904241130
7,31,True,classinsight-cmu_17214C_ph_225b_201904241130
7,32,True,classinsight-cmu_17214C_ph_225b_201904241130
7,33,True,classinsight-cmu_17214C_ph_225b_201904241130
7,34,True,classinsight-cmu_17214C_ph_225b_201904241130
7,35,True,classinsight-cmu_17214C_ph_225b_201904241130
7,36,True,classinsight-cmu_17214C_ph_225b_201904241130
7,37,True,classinsight-cmu_17214C_ph_225b_201904241130
7,39,True,classinsight-cmu_17214C_ph_225b_201904241130
7,43,True,classinsight-cmu_17214C_ph_225b_201904241130
7,44,True,classinsight-cmu_17214C_ph_225b_201904241130
7,45,True,classinsight-cmu_17214C_ph_225b_201904241130
7,46,True,classinsight-cmu_17214C_ph_225b_201904241130
7,48,True,classinsight-cmu_17214C_ph_225b_201904241130
7,49,True,classinsight-cmu_17214C_ph_225b_201904241130
8,3,True,classinsight-cmu_17214C_ph_225b_201904241130
8,9,True,classinsight-cmu_17214C_ph_225b_201904241130
8,46,True,classinsight-cmu_17214C_ph_225b_201904241130
9,3,True,classinsight-cmu_17214C_ph_225b_201904241130
9,4,True,classinsight-cmu_17214C_ph_225b_201904241130
9,38,True,classinsight-cmu_17214C_ph_225b_201904241130
9,45,True,classinsight-cmu_17214C_ph_225b_201904241130
10,12,True,classinsight-cmu_17214C_ph_225b_201904241130
10,15,True,classinsight-cmu_17214C_ph_225b_201904241130
10,18,True,classinsight-cmu_17214C_ph_225b_201904241130
10,19,True,classinsight-cmu_17214C_ph_225b_201904241130
10,49,True,classinsight-cmu_17214C_ph_225b_201904241130
11,5,True,classinsight-cmu_17214C_ph_225b_201904241130
11,9,True,classinsight-cmu_17214C_ph_225b_201904241130
11,10,True,classinsight-cmu_17214C_ph_225b_201904241130
11,11,True,classinsight-cmu_17214C_ph_225b_201904241130
11,12,True,classinsight-cmu_17214C_ph_225b_201904241130
11,16,True,classinsight-cmu_17214C_ph_225b_201904241130
11,24,True,classinsight-cmu_17214C_ph_225b_201904241130
11,25,True,classinsight-cmu_17214C_ph_225b_201904241130
11,26,True,classinsight-cmu_17214C_ph_225b_201904241130
11,28,True,classinsight-cmu_17214C_ph_225b_201904241130
11,39,True,classinsight-cmu_17214C_ph_225b_201904241130
11,45,True,classinsight-cmu_17214C_ph_225b_201904241130
11,46,True,classinsight-cmu_17214C_ph_225b_201904241130
12,15,True,classinsight-cmu_17214C_ph_225b_201904241130
12,16,True,classinsight-cmu_17214C_ph_225b_201904241130
12,48,True,classinsight-cmu_17214C_ph_225b_201904241130
12,49,True,classinsight-cmu_17214C_ph_225b_201904241130
0,31,True,classinsight-cmu_17214C_ph_225b_201905011130
2,2,True,classinsight-cmu_17214C_ph_225b_201905011130
2,43,True,classinsight-cmu_17214C_ph_225b_201905011130
3,8,True,classinsight-cmu_17214C_ph_225b_201905011130
4,1,True,classinsight-cmu_17214C_ph_225b_201905011130
4,12,True,classinsight-cmu_17214C_ph_225b_201905011130
4,13,True,classinsight-cmu_17214C_ph_225b_201905011130
4,17,True,classinsight-cmu_17214C_ph_225b_201905011130
4,18,True,classinsight-cmu_17214C_ph_225b_201905011130
4,22,True,classinsight-cmu_17214C_ph_225b_201905011130
4,25,True,classinsight-cmu_17214C_ph_225b_201905011130
4,39,True,classinsight-cmu_17214C_ph_225b_201905011130
5,41,True,classinsight-cmu_17214C_ph_225b_201905011130
6,0,True,classinsight-cmu_17214C_ph_225b_201905011130
6,26,True,classinsight-cmu_17214C_ph_225b_201905011130
7,1,True,classinsight-cmu_17214C_ph_225b_201905011130
8,0,True,classinsight-cmu_17214C_ph_225b_201905011130
8,1,True,classinsight-cmu_17214C_ph_225b_201905011130
8,2,True,classinsight-cmu_17214C_ph_225b_201905011130
8,3,True,classinsight-cmu_17214C_ph_225b_201905011130
8,4,True,classinsight-cmu_17214C_ph_225b_201905011130
8,7,True,classinsight-cmu_17214C_ph_225b_201905011130
8,10,True,classinsight-cmu_17214C_ph_225b_201905011130
8,12,True,classinsight-cmu_17214C_ph_225b_201905011130
8,13,True,classinsight-cmu_17214C_ph_225b_201905011130
8,14,True,classinsight-cmu_17214C_ph_225b_201905011130
8,16,True,classinsight-cmu_17214C_ph_225b_201905011130
9,0,True,classinsight-cmu_17214C_ph_225b_201905011130
9,1,True,classinsight-cmu_17214C_ph_225b_201905011130
9,2,True,classinsight-cmu_17214C_ph_225b_201905011130
9,4,True,classinsight-cmu_17214C_ph_225b_201905011130
9,7,True,classinsight-cmu_17214C_ph_225b_201905011130
9,9,True,classinsight-cmu_17214C_ph_225b_201905011130
9,16,True,classinsight-cmu_17214C_ph_225b_201905011130
9,17,True,classinsight-cmu_17214C_ph_225b_201905011130
9,30,True,classinsight-cmu_17214C_ph_225b_201905011130
9,39,True,classinsight-cmu_17214C_ph_225b_201905011130
11,3,True,classinsight-cmu_17214C_ph_225b_201905011130
11,33,True,classinsight-cmu_17214C_ph_225b_201905011130
11,42,True,classinsight-cmu_17214C_ph_225b_201905011130
11,44,True,classinsight-cmu_17214C_ph_225b_201905011130
11,47,True,classinsight-cmu_17214C_ph_225b_201905011130
11,48,True,classinsight-cmu_17214C_ph_225b_201905011130
12,11,True,classinsight-cmu_17214C_ph_225b_201905011130
13,44,True,classinsight-cmu_17214C_ph_225b_201905011130
14,36,True,classinsight-cmu_17214C_ph_225b_201905011130
16,43,True,classinsight-cmu_17214C_ph_225b_201905011130
17,36,True,classinsight-cmu_17214C_ph_225b_201905011130
17,37,True,classinsight-cmu_17214C_ph_225b_201905011130
17,40,True,classinsight-cmu_17214C_ph_225b_201905011130
17,42,True,classinsight-cmu_17214C_ph_225b_201905011130
17,43,True,classinsight-cmu_17214C_ph_225b_201905011130
18,44,True,classinsight-cmu_17214C_ph_225b_201905011130
18,45,True,classinsight-cmu_17214C_ph_225b_201905011130
